,Title,Link,Date
0,British soldiers may adopt electric bikes fitted with rocket launchers,,Jul 18 2023 - 7:44 am PT
1,"‘We’ve had to file for bankruptcy,’ reveals VanMoof e-bike CEO in internal email",,Jul 18 2023 - 1:27 am PT
2,"Velotric launches two new utility and cargo e-bikes, challenging the market",,Jul 15 2023 - 10:30 am PT
3,Rival e-bike brands find creative solutions for nearly bankrupt VanMoof’s e-bikes,,Jul 14 2023 - 11:53 pm PT
4,Xtracycle’s new off-road electric cargo bike can carry up to 3 passengers,,Jul 14 2023 - 6:11 am PT
5,Dutch e-bike company VanMoof makes last-ditch effort to avoid bankruptcy,,Jul 12 2023 - 2:03 pm PT
6,Closer look at the new Tern HSD cargo electric bike (and what makes it so strong),,Jul 11 2023 - 10:47 am PT
7,"VanMoof ‘temporarily’ stops selling e-bikes in shock move, stoking rumors",,Jul 10 2023 - 12:58 pm PT
8,"Rad Power Bikes gives up on European e-bike market, focuses on US instead",,Jul 10 2023 - 3:22 am PT
9,‘We tried to warn you’ say police during crackdown on illegally fast electric bikes,,Jul 7 2023 - 5:01 am PT
10,Here are the best electric bikes you can buy at every price level in July 2023,,Jul 4 2023 - 4:05 am PT
11,E-bike maker Cowboy goes Dutch with new comfort electric bike model,,Jul 3 2023 - 4:11 am PT
12,"Peugeot reveals its new line of electric bikes with bold, eye-catching designs",,Jul 2 2023 - 4:12 am PT
13,Here are the coolest e-bikes and other things we saw at Eurobike 2023,,Jun 30 2023 - 4:31 am PT
14,First ride: FUELL Flluid-2 and Flluid-3 electric bikes change the game,,Jun 27 2023 - 7:42 am PT
15,NYC putting $25 million into electric bike charging stations,,Jun 26 2023 - 9:05 am PT
16,These four-wheeled electric cargo bikes could replace delivery vans in your city,,Jun 23 2023 - 2:56 am PT
17,Aventon Sinch.2 review: Is this new folding fat tire electric bike worth it?,,Jun 22 2023 - 11:31 am PT
18,"Eurobike 2023 starts tomorrow, but here’s an early look at the e-bike news",,Jun 20 2023 - 3:52 am PT
19,Here are the coolest e-bikes and more we saw at Micromobility Europe 2023,,Jun 19 2023 - 9:25 am PT
20,"Denago Commute Step-Thru review – a big, comfy bike with some quirks",,Jun 17 2023 - 10:04 am PT
21,"Specialized just released a 36 pound electric mountain bike, but it’s not for you",,Jun 13 2023 - 9:00 am PT
22,EUY K6 Pro review: Why is this folding fat tire e-bike so weird looking?,,Jun 12 2023 - 12:04 pm PT
23,"I went to the Netherlands with Gazelle to see a biking paradise, but found something more surprising",,Jun 6 2023 - 1:00 pm PT
